Date,Symbols,Above_MA_30W,Symbols_MA_10W,Above_MA_10W,Pct_Above_MA_30W,Pct_Above_MA_10W,Benchmark_Close,Benchmark_Ticker
2025-12-22,686,271,709,269,39.50437317784257,37.9407616361072,23867.650390625,^CRSLDX
2025-12-23,686,285,710,286,41.54518950437318,40.28169014084507,23895.150390625,^CRSLDX
2025-12-24,687,281,710,271,40.90247452692867,38.16901408450704,23850.25,^CRSLDX
2025-12-26,687,280,713,271,40.756914119359536,38.008415147265076,23780.25,^CRSLDX
2025-12-29,689,273,713,256,39.62264150943396,35.90462833099579,23682.099609375,^CRSLDX
2025-12-30,689,265,713,250,38.46153846153847,35.06311360448808,23668.80078125,^CRSLDX
2025-12-31,689,283,713,290,41.07402031930334,40.67321178120617,23871.55078125,^CRSLDX
2026-01-01,689,286,713,301,41.509433962264154,42.215988779803645,,^CRSLDX
2026-01-02,689,312,713,351,45.28301886792453,49.22861150070126,24099.0,^CRSLDX
2026-01-05,689,312,713,363,45.28301886792453,50.911640953716685,24058.44921875,^CRSLDX
2026-01-06,689,308,713,343,44.70246734397678,48.10659186535764,24010.5,^CRSLDX
2026-01-07,689,310,713,361,44.99274310595066,50.63113604488079,24016.599609375,^CRSLDX
2026-01-08,689,264,713,275,38.31640058055152,38.569424964936886,23680.099609375,^CRSLDX
2026-01-09,689,239,713,219,34.68795355587808,30.715287517531557,23467.349609375,^CRSLDX
2026-01-12,689,241,713,205,34.97822931785196,28.751753155680227,23510.44921875,^CRSLDX
2026-01-13,689,238,713,221,34.542815674891145,30.995792426367462,23480.650390625,^CRSLDX
2026-01-14,689,241,713,240,34.97822931785196,33.66058906030855,23475.849609375,^CRSLDX
2026-01-15,617,214,636,208,34.6839546191248,32.70440251572327,,^CRSLDX
2026-01-16,691,229,714,231,33.140376266280754,32.35294117647059,23485.30078125,^CRSLDX
2026-01-19,691,215,715,205,31.114327062228654,28.671328671328673,23373.75,^CRSLDX
2026-01-20,692,189,715,131,27.3121387283237,18.321678321678323,22946.650390625,^CRSLDX
2026-01-21,692,177,717,118,25.578034682080926,16.457461645746164,22835.150390625,^CRSLDX
2026-01-22,692,192,717,150,27.74566473988439,20.920502092050206,23008.75,^CRSLDX
2026-01-23,692,165,718,113,23.843930635838152,15.73816155988858,22706.19921875,^CRSLDX
2026-01-27,693,166,720,130,23.953823953823957,18.055555555555554,22819.25,^CRSLDX
2026-01-28,695,185,721,175,26.618705035971225,24.271844660194176,23082.099609375,^CRSLDX
2026-01-29,695,185,722,168,26.618705035971225,23.26869806094183,23134.80078125,^CRSLDX
2026-01-30,695,198,723,207,28.489208633093526,28.63070539419087,23079.5,^CRSLDX
2026-02-02,695,182,724,167,26.187050359712234,23.066298342541437,22837.0,^CRSLDX
2026-02-03,695,241,724,278,34.67625899280576,38.39779005524862,23446.30078125,^CRSLDX
2026-02-04,695,250,724,318,35.97122302158273,43.92265193370166,23534.94921875,^CRSLDX
2026-02-05,695,234,724,295,33.669064748201436,40.74585635359116,23411.69921875,^CRSLDX
2026-02-06,695,239,725,305,34.388489208633096,42.06896551724138,23434.0,^CRSLDX
2026-02-09,695,285,725,389,41.007194244604314,53.6551724137931,23683.400390625,^CRSLDX
2026-02-10,695,290,725,411,41.726618705035975,56.68965517241379,23753.75,^CRSLDX
2026-02-11,695,288,725,410,41.43884892086331,56.55172413793104,23783.05078125,^CRSLDX
2026-02-12,695,287,725,381,41.294964028776974,52.55172413793103,23651.55078125,^CRSLDX
2026-02-13,695,252,725,323,36.2589928057554,44.55172413793104,23313.150390625,^CRSLDX
2026-02-16,696,257,725,325,36.92528735632184,44.827586206896555,23472.44921875,^CRSLDX
2026-02-17,696,270,725,349,38.793103448275865,48.137931034482754,23540.05078125,^CRSLDX
2026-02-18,696,276,727,374,39.6551724137931,51.44429160935351,23645.80078125,^CRSLDX
2026-02-19,696,247,727,324,35.48850574712644,44.56671251719395,23297.44921875,^CRSLDX
2026-02-20,696,259,727,330,37.212643678160916,45.39202200825309,23395.0,^CRSLDX
2026-02-23,696,264,728,346,37.93103448275862,47.527472527472526,23484.94921875,^CRSLDX
2026-02-24,696,248,728,317,35.63218390804598,43.543956043956044,23304.599609375,^CRSLDX
2026-02-25,697,261,730,341,37.44619799139168,46.71232876712329,23403.80078125,^CRSLDX
2026-02-26,697,267,730,345,38.30703012912482,47.26027397260274,23448.5,^CRSLDX
2026-02-27,697,246,731,297,35.294117647058826,40.62927496580027,23166.849609375,^CRSLDX
2026-03-02,697,223,731,242,31.99426111908178,33.10533515731874,22835.94921875,^CRSLDX
2026-03-04,699,189,731,184,27.038626609442062,25.170998632010942,22409.80078125,^CRSLDX
2026-03-05,699,209,731,213,29.89985693848355,29.138166894664842,22697.80078125,^CRSLDX
2026-03-06,699,205,731,205,29.32761087267525,28.0437756497948,22481.30078125,^CRSLDX
2026-03-09,699,169,731,160,24.177396280400572,21.88782489740082,22056.55078125,^CRSLDX
2026-03-10,699,196,731,201,28.040057224606578,27.49658002735978,22342.94921875,^CRSLDX
2026-03-11,699,187,731,192,26.75250357653791,26.265389876880985,22042.30078125,^CRSLDX
2026-03-12,700,183,731,198,26.142857142857146,27.086183310533517,21897.5,^CRSLDX
2026-03-13,700,152,731,130,21.714285714285715,17.783857729138166,21391.19921875,^CRSLDX
2026-03-16,700,147,731,128,21.0,17.510259917920656,21498.80078125,^CRSLDX
2026-03-17,701,156,731,154,22.25392296718973,21.06703146374829,21669.30078125,^CRSLDX
2026-03-18,701,177,731,185,25.249643366619118,25.3077975376197,21917.400390625,^CRSLDX
2026-03-19,701,143,731,134,20.399429386590583,18.331053351573185,21225.80078125,^CRSLDX
2026-03-20,701,152,731,163,21.683309557774606,22.29822161422709,21327.900390625,^CRSLDX
2026-03-23,701,111,731,100,15.834522111269614,13.679890560875513,20664.25,^CRSLDX
2026-03-24,703,134,731,134,19.06116642958748,18.331053351573185,21067.0,^CRSLDX
2026-03-25,703,161,731,169,22.90184921763869,23.119015047879618,21478.19921875,^CRSLDX
2026-03-27,703,143,731,130,20.34139402560455,17.783857729138166,21020.150390625,^CRSLDX
2026-03-30,703,125,732,108,17.78093883357041,14.754098360655737,20528.05078125,^CRSLDX
2026-04-01,703,153,733,157,21.763869132290186,21.418826739427015,20935.150390625,^CRSLDX
2026-04-02,703,153,733,156,21.763869132290186,21.282401091405184,20938.349609375,^CRSLDX
2026-04-06,703,161,733,183,22.90184921763869,24.965893587994543,21194.05078125,^CRSLDX
2026-04-07,703,164,733,188,23.32859174964438,25.648021828103683,21296.44921875,^CRSLDX
2026-04-08,703,227,734,338,32.29018492176387,46.049046321525886,22137.099609375,^CRSLDX
2026-04-09,703,222,734,338,31.57894736842105,46.049046321525886,22037.5,^CRSLDX
2026-04-10,704,255,734,428,36.221590909090914,58.31062670299727,22346.75,^CRSLDX
2026-04-13,704,240,734,406,34.090909090909086,55.313351498637594,22179.05078125,^CRSLDX
2026-04-15,705,298,734,519,42.269503546099294,70.708446866485,22595.55078125,^CRSLDX
2026-04-16,705,317,734,563,44.9645390070922,76.70299727520435,22656.30078125,^CRSLDX
2026-04-17,705,340,734,598,48.226950354609926,81.47138964577657,22869.400390625,^CRSLDX
2026-04-20,705,335,734,586,47.5177304964539,79.83651226158038,22865.80078125,^CRSLDX
2026-04-21,705,355,734,617,50.35460992907801,84.0599455040872,23042.349609375,^CRSLDX
2026-04-22,705,378,734,614,53.61702127659574,83.65122615803816,22991.5,^CRSLDX
2026-04-23,705,360,734,605,51.06382978723404,82.42506811989101,22810.849609375,^CRSLDX
2026-04-24,705,334,734,560,47.3758865248227,76.29427792915531,22570.05078125,^CRSLDX
2026-04-27,706,366,736,606,51.84135977337111,82.33695652173914,22821.400390625,^CRSLDX
2026-04-28,706,372,736,596,52.69121813031161,80.97826086956522,22765.599609375,^CRSLDX
2026-04-29,706,369,736,608,52.266288951841354,82.6086956521739,22871.0,^CRSLDX
2026-04-30,706,354,736,586,50.14164305949008,79.61956521739131,22683.55078125,^CRSLDX
2026-05-01,631,320,658,531,50.71315372424723,80.69908814589665,,^CRSLDX
2026-05-04,707,382,736,605,54.03111739745403,82.20108695652173,22830.75,^CRSLDX
2026-05-05,707,390,736,607,55.16265912305516,82.47282608695652,22808.25,^CRSLDX
2026-05-06,707,431,736,655,60.96181046676096,88.99456521739131,23133.400390625,^CRSLDX
2026-05-07,707,450,736,664,63.64922206506365,90.21739130434783,23214.0,^CRSLDX
2026-05-08,708,449,736,651,63.4180790960452,88.45108695652173,23115.650390625,^CRSLDX
2026-05-11,709,406,737,621,57.26375176304654,84.26051560379919,22795.75,^CRSLDX
2026-05-12,710,351,737,537,49.436619718309856,72.86295793758481,22299.900390625,^CRSLDX
2026-05-13,710,366,737,541,51.54929577464789,73.40569877883311,22377.349609375,^CRSLDX
2026-05-14,712,372,738,552,52.24719101123596,74.79674796747967,22613.099609375,^CRSLDX
2026-05-15,713,363,738,530,50.911640953716685,71.81571815718158,22531.150390625,^CRSLDX
2026-05-18,713,339,738,484,47.54558204768583,65.58265582655827,22461.05078125,^CRSLDX
2026-05-19,713,355,738,512,49.78962131837307,69.37669376693766,22521.75,^CRSLDX
2026-05-20,713,362,739,502,50.771388499298745,67.9296346414073,22578.150390625,^CRSLDX
2026-05-21,713,368,739,525,51.61290322580645,71.04194857916103,22602.849609375,^CRSLDX
2026-05-22,713,374,739,515,52.45441795231417,69.68876860622463,22651.30078125,^CRSLDX
2026-05-25,713,401,739,556,56.24123422159888,75.23680649526388,22929.44921875,^CRSLDX
2026-05-26,713,404,739,554,56.661991584852736,74.96617050067658,22897.19921875,^CRSLDX
2026-05-27,713,402,739,546,56.381486676016834,73.88362652232748,22967.400390625,^CRSLDX
2026-05-28,713,404,739,547,56.661991584852736,74.01894451962112,,^CRSLDX
2026-05-29,713,390,739,498,54.698457223001405,67.38836265223274,22657.0,^CRSLDX
2026-06-01,713,377,739,444,52.87517531556802,60.081190798376184,22437.94921875,^CRSLDX
2026-06-02,713,375,739,455,52.594670406732114,61.56968876860623,22521.099609375,^CRSLDX
2026-06-03,713,371,739,434,52.033660589060304,58.72801082543978,22451.849609375,^CRSLDX
2026-06-04,713,378,739,433,53.015427769985976,58.59269282814614,22497.69921875,^CRSLDX
2026-06-05,714,375,739,420,52.52100840336135,56.833558863328825,22465.349609375,^CRSLDX
2026-06-08,715,351,740,347,49.09090909090909,46.89189189189189,22173.69921875,^CRSLDX
2026-06-09,715,374,740,397,52.307692307692314,53.648648648648646,22370.150390625,^CRSLDX
2026-06-10,717,350,740,349,48.81450488145049,47.16216216216216,22233.849609375,^CRSLDX
2026-06-11,717,332,741,313,46.30404463040446,42.24021592442645,22114.44921875,^CRSLDX
2026-06-12,718,387,741,403,53.899721448467965,54.385964912280706,22599.80078125,^CRSLDX
2026-06-15,718,429,741,468,59.749303621169915,63.1578947368421,22891.30078125,^CRSLDX
2026-06-16,720,440,741,483,61.111111111111114,65.18218623481782,22997.25,^CRSLDX
2026-06-17,721,454,741,495,62.96809986130375,66.80161943319838,23109.69921875,^CRSLDX
2026-06-18,722,471,741,510,65.2354570637119,68.82591093117408,23206.44921875,^CRSLDX
2026-06-19,723,466,741,508,64.4536652835408,68.55600539811067,23144.19921875,^CRSLDX
2026-06-22,724,488,741,530,67.40331491712708,71.52496626180836,23261.849609375,^CRSLDX
2026-06-23,724,462,741,489,63.812154696132595,65.9919028340081,23010.94921875,^CRSLDX
2026-06-24,724,471,741,488,65.05524861878453,65.85695006747639,23126.30078125,^CRSLDX
2026-06-25,724,456,741,469,62.98342541436463,63.292847503373814,23113.69921875,^CRSLDX
2026-06-26,725,457,741,471,63.03448275862069,63.56275303643725,,^CRSLDX
2026-06-29,725,434,741,437,59.862068965517246,58.97435897435898,23000.0,^CRSLDX
2026-06-30,725,450,741,447,62.06896551724138,60.32388663967612,22995.650390625,^CRSLDX
2026-07-01,725,462,741,465,63.724137931034484,62.75303643724697,23111.650390625,^CRSLDX
2026-07-02,725,485,742,496,66.89655172413794,66.84636118598382,23264.80078125,^CRSLDX
2026-07-03,725,489,742,501,67.44827586206897,67.52021563342318,23301.150390625,^CRSLDX
2026-07-06,725,482,742,494,66.48275862068965,66.57681940700809,23433.94921875,^CRSLDX
2026-07-07,725,483,742,472,66.62068965517241,63.61185983827493,23368.849609375,^CRSLDX
2026-07-08,727,430,742,395,59.147180192572215,53.23450134770889,22908.05078125,^CRSLDX
2026-07-09,727,460,742,441,63.27372764786795,59.43396226415094,23081.150390625,^CRSLDX
2026-07-10,727,493,742,496,67.81292984869326,66.84636118598382,23348.400390625,^CRSLDX
2026-07-13,728,502,742,497,68.95604395604396,66.98113207547169,23347.05078125,^CRSLDX
2026-07-14,728,485,742,465,66.62087912087912,62.668463611859835,23199.44921875,^CRSLDX
2026-07-15,730,490,742,484,67.12328767123287,65.22911051212938,23263.900390625,^CRSLDX
2026-07-16,730,485,742,482,66.43835616438356,64.95956873315365,23232.650390625,^CRSLDX
2026-07-17,731,480,743,473,65.66347469220246,63.66083445491252,23336.30078125,^CRSLDX
2026-07-20,731,481,743,482,65.80027359781123,64.8721399730821,23338.05078125,^CRSLDX
2026-07-21,731,485,743,475,66.34746922024624,63.9300134589502,23352.150390625,^CRSLDX
2026-07-22,731,458,743,440,62.653898768809846,59.219380888290715,23145.05078125,^CRSLDX
2026-07-23,731,443,743,398,60.601915184678525,53.566621803499324,22982.400390625,^CRSLDX
2026-07-24,731,443,743,402,60.601915184678525,54.104979811574694,22913.30078125,^CRSLDX
2026-07-27,731,469,743,441,64.15868673050615,59.35397039030955,23153.099609375,^CRSLDX
2026-07-28,731,457,743,412,62.517099863201096,55.450874831763116,23114.900390625,^CRSLDX
2026-07-29,731,480,743,448,65.66347469220246,60.296096904441455,23352.599609375,^CRSLDX
2026-07-30,731,482,743,418,65.93707250341997,56.258411843876175,23353.55078125,^CRSLDX
2026-07-31,731,482,743,430,65.93707250341997,57.87348586810229,23460.69921875,^CRSLDX
2026-08-03,731,518,743,484,70.86183310533517,65.1413189771198,23802.849609375,^CRSLDX
2026-08-04,731,509,743,465,69.63064295485636,62.58411843876177,23690.150390625,^CRSLDX
2026-08-05,731,522,743,485,71.40902872777018,65.27590847913862,23735.55078125,^CRSLDX
2026-08-06,731,529,743,482,72.36662106703147,64.8721399730821,23729.44921875,^CRSLDX
2026-08-07,731,523,743,477,71.54582763337893,64.19919246298788,23712.099609375,^CRSLDX
2026-08-10,731,513,743,458,70.17783857729138,61.64199192462988,23743.19921875,^CRSLDX
2026-08-11,731,508,743,438,69.49384404924761,58.950201884253026,23681.150390625,^CRSLDX
2026-08-12,731,495,743,425,67.71545827633378,57.20053835800808,23672.44921875,^CRSLDX
2026-08-13,731,500,743,427,68.39945280437757,57.469717362045756,23658.099609375,^CRSLDX
2026-08-14,731,496,743,415,67.85225718194255,55.85464333781965,23594.900390625,^CRSLDX
2026-08-17,732,493,743,411,67.34972677595628,55.316285329744275,23564.44921875,^CRSLDX
2026-08-18,732,479,743,405,65.43715846994536,54.50874831763123,23472.400390625,^CRSLDX
2026-08-19,733,468,744,378,63.847203274215545,50.806451612903224,23386.19921875,^CRSLDX
2026-08-20,733,482,744,389,65.75716234652114,52.284946236559136,23512.94921875,^CRSLDX
2026-08-21,733,479,744,391,65.34788540245566,52.553763440860216,23530.30078125,^CRSLDX
2026-08-24,733,480,748,380,65.4843110504775,50.80213903743316,23511.75,^CRSLDX
2026-08-25,733,486,748,392,66.30286493860847,52.406417112299465,23611.599609375,^CRSLDX
2026-08-26,734,495,748,383,67.43869209809264,51.20320855614974,23559.19921875,^CRSLDX
2026-08-27,734,490,748,372,66.7574931880109,49.73262032085562,23482.0,^CRSLDX
2026-08-28,734,482,748,380,65.66757493188011,50.80213903743316,23528.55078125,^CRSLDX
2026-08-31,734,471,748,368,64.16893732970027,49.19786096256685,23450.349609375,^CRSLDX
2026-09-01,734,459,748,333,62.53405994550408,44.518716577540104,23339.900390625,^CRSLDX
2026-09-02,734,449,748,319,61.171662125340596,42.64705882352941,23222.80078125,^CRSLDX
2026-09-03,734,460,748,344,62.67029972752044,45.98930481283423,23254.05078125,^CRSLDX
2026-09-04,734,457,748,348,62.26158038147139,46.524064171122994,23254.150390625,^CRSLDX
2026-09-07,734,452,748,329,61.58038147138964,43.98395721925134,23156.19921875,^CRSLDX
2026-09-08,734,447,748,335,60.89918256130791,44.786096256684495,23106.099609375,^CRSLDX
2026-09-09,734,434,748,321,59.12806539509536,42.9144385026738,22958.75,^CRSLDX
2026-09-10,734,425,748,313,57.90190735694822,41.844919786096256,22952.349609375,^CRSLDX
2026-09-11,734,415,748,295,56.539509536784735,39.43850267379679,22866.5,^CRSLDX
2026-09-14,709,399,721,285,56.276445698166434,39.528432732316226,,^CRSLDX
2026-09-15,736,380,748,219,51.63043478260869,29.27807486631016,22477.44921875,^CRSLDX
2026-09-16,736,375,748,207,50.95108695652174,27.67379679144385,22532.0,^CRSLDX
2026-09-17,736,396,748,226,53.80434782608695,30.213903743315505,22654.650390625,^CRSLDX
2026-09-18,736,426,748,285,57.88043478260869,38.101604278074866,22840.55078125,^CRSLDX
2026-09-21,736,421,748,281,57.20108695652174,37.5668449197861,22860.05078125,^CRSLDX
2026-09-22,736,404,748,284,54.891304347826086,37.967914438502675,22794.19921875,^CRSLDX
2026-09-23,736,427,748,323,58.016304347826086,43.18181818181818,22935.099609375,^CRSLDX
2026-09-24,736,388,748,268,52.71739130434783,35.82887700534759,22552.599609375,^CRSLDX
2026-09-25,736,391,749,264,53.125,35.24699599465955,22603.5,^CRSLDX
2026-09-28,737,358,749,199,48.575305291723204,26.56875834445928,22232.150390625,^CRSLDX
2026-09-29,737,349,749,198,47.35413839891452,26.43524699599466,22101.0,^CRSLDX
2026-09-30,737,341,749,203,46.26865671641791,27.102803738317753,22072.099609375,^CRSLDX
2026-10-01,738,322,749,173,43.63143631436314,23.09746328437917,21857.75,^CRSLDX
2026-10-02,407,168,415,94,41.27764127764127,22.650602409638555,,^CRSLDX
2026-10-05,407,167,415,104,41.03194103194103,25.060240963855424,21971.599609375,^CRSLDX
